epoch,time,train/box_loss,train/cls_loss,train/dfl_loss,metrics/precision(B),metrics/recall(B),metrics/mAP50(B),metrics/mAP50-95(B),val/box_loss,val/cls_loss,val/dfl_loss,lr/pg0,lr/pg1,lr/pg2
1,518.435,1.90764,3.87418,1.50618,0.99657,0.04054,0.10835,0.05996,1.95163,4.04808,1.47997,0.00019237,0.00019237,0.00019237
2,1078.43,1.84909,2.48728,1.41981,0.17997,0.29429,0.20718,0.09902,1.99663,2.32762,1.52418,0.000384526,0.000384526,0.000384526
